<?xml version="1.0" encoding="utf-8" ?>
<lom:lom xmlns="http://ocw.mit.edu/xmlns/LOM"
         xmlns:lom="http://ocw.mit.edu/xmlns/LOM"
         xmlns:ocwlom="http://ocw.mit.edu/xmlns/ocwLOM"
         xmlns:xsi="http://www.w3.org/2001/XMLSchema-instance"
         xsi:schemaLocation="http://ocw.mit.edu/xmlns/LOM http://ocw.mit.edu/xsd/LOM/lomv1.0/lomv1.0.xsd http://ocw.mit.edu/xmlns/ocwLOM http://ocw.mit.edu/xsd/ocwLOM/ocwlomv1.0/ocwlomv1.0.xsd">
  <!--************************************************************ 
  This LOM record was produced by an automatic transformation to IEEE LOM, from OpenCourseWare's (OCW) initial version of Learning Object Metadata (LOM). (The initial version was based on IMS Global Consortium's LOM.)
			********************************************************-->
<!--***************************-->
<!--**** GENERAL ****-->
<!--***************************-->
    <lom:general uniqueElementName="general">
        <lom:title uniqueElementName="title">
            <lom:string language="en">Mathematical Statistics</lom:string>
        </lom:title>
        <lom:description>
            <lom:string language="en">
This graduate level mathematics course covers decision theory, estimation, confidence intervals, and hypothesis testing. The course also introduces students to large sample theory. Other topics covered include&amp;#160;asymptotic efficiency of estimates, exponential families, and sequential analysis.</lom:string>
        </lom:description>
        <lom:identifier>
            <lom:catalog uniqueElementName="catalog">OCW Master Course Number</lom:catalog>
            <lom:entry uniqueElementName="entry">18.466</lom:entry>
        </lom:identifier>
        <lom:language>en</lom:language>
        <lom:aggregationLevel uniqueElementName="aggregationLevel">
            <lom:source uniqueElementName="source">LOMv1.0</lom:source>
            <lom:value uniqueElementName="value">4</lom:value>
        </lom:aggregationLevel>
    </lom:general>
<!--***************************-->
<!--**** LIFECYCLE ****-->
<!--***************************-->
    <lom:lifeCycle uniqueElementName="lifeCycle">
        <lom:version uniqueElementName="version">
            <lom:string language="en">Spring 2003</lom:string>
        </lom:version>
        <lom:contribute>
            <lom:role>
                <lom:source uniqueElementName="source">OCW_LOMv1.0</lom:source>
                <lom:value uniqueElementName="value">Author</lom:value>
            </lom:role>
            <lom:entity>Dudley, Richard</lom:entity>
            <lom:date uniqueElementName="date">
                <lom:dateTime uniqueElementName="dateTime">2011-9-4</lom:dateTime>
            </lom:date>
        </lom:contribute>
        <ocwlom:ocwDates>
            <ocwlom:firstPubDate>2004/02/13 09:11:51 US/Eastern</ocwlom:firstPubDate>
            <ocwlom:mostRecentPubDate>2010/05/28 07:43:35.551 GMT-4</ocwlom:mostRecentPubDate>
            <ocwlom:unpubDate></ocwlom:unpubDate>
            <ocwlom:retireDate></ocwlom:retireDate>
        </ocwlom:ocwDates>
    </lom:lifeCycle>
<!--***************************-->
<!--**** TECHNICAL ****-->
<!--***************************-->
    <lom:technical uniqueElementName="technical">
        <lom:location>/courses/mathematics/18-466-mathematical-statistics-spring-2003/index.htm</lom:location>
        
        
		
        <lom:requirement>
            <lom:orComposite>
                <lom:type uniqueElementName="type">
                    <lom:source uniqueElementName="source">LOMv1.0</lom:source>
                    <lom:value uniqueElementName="value">Browser</lom:value>
                </lom:type>
                <lom:name uniqueElementName="name">
                    <lom:source uniqueElementName="source">LOMv1.0</lom:source>
                    <lom:value uniqueElementName="value">Internet Explorer</lom:value>
                </lom:name>
                <lom:minimumVersion
    uniqueElementName="minimumVersion">6.0</lom:minimumVersion>
            </lom:orComposite>
            <lom:orComposite>
                <lom:type uniqueElementName="type">
                    <lom:source uniqueElementName="source">LOMv1.0</lom:source>
                    <lom:value uniqueElementName="value">Browser</lom:value>
                </lom:type>
                <lom:name uniqueElementName="name">
                    <lom:source uniqueElementName="source">LOMv1.0</lom:source>
                    <lom:value uniqueElementName="value">Mozilla Firefox</lom:value>
                </lom:name>
                <lom:minimumVersion
    uniqueElementName="minimumVersion">3.0</lom:minimumVersion>
            </lom:orComposite>
            <lom:orComposite>
                <lom:type uniqueElementName="type">
                    <lom:source uniqueElementName="source">LOMv1.0</lom:source>
                    <lom:value uniqueElementName="value">Browser</lom:value>
                </lom:type>
                <lom:name uniqueElementName="name">
                    <lom:source uniqueElementName="source">LOMv1.0</lom:source>
                    <lom:value uniqueElementName="value">Safari</lom:value>
                </lom:name>
                <lom:minimumVersion
    uniqueElementName="minimumVersion">4.0</lom:minimumVersion>
            </lom:orComposite>
        </lom:requirement>
    </lom:technical>
<!--***************************-->
<!--**** EDUCATIONAL ****-->
<!--***************************-->
    <lom:educational>
    	
        <lom:context>
            <lom:source uniqueElementName="source">OCW_LOMv1.0</lom:source>
            <lom:value uniqueElementName="value">Graduate</lom:value>
        </lom:context>
        
    </lom:educational>
<!--***************************-->
<!--**** RIGHTS ****-->
<!--***************************-->
    <lom:rights uniqueElementName="rights">
        <lom:copyrightAndOtherRestrictions uniqueElementName="copyrightAndOtherRestrictions">
            <lom:source uniqueElementName="source">LOMv1.0</lom:source>
            <lom:value uniqueElementName="value">yes</lom:value>
        </lom:copyrightAndOtherRestrictions>
        <lom:description>
            <lom:string language="en">This site (c) Massachusetts Institute of Technology 2011.  Content within individual courses is (c) by the individual authors unless otherwise noted. The Massachusetts Institute of Technology is providing this Work (as defined below) under the terms of this Creative Commons public license ("CCPL" or "license") unless otherwise noted. The Work is protected by copyright and/or other applicable law. Any use of the work other than as authorized under this license is prohibited. By exercising any of the rights to the Work provided here, You (as defined below) accept and agree to be bound by the terms of this license. The Licensor, the Massachusetts Institute of Technology, grants You the rights contained here in consideration of Your acceptance of such terms and conditions.</lom:string>
        </lom:description>
    </lom:rights>
<!--***************************-->
<!--**** RELATION ****-->
<!--***************************-->
<!--***************************-->
<!--**** CLASSIFICATION ****-->
<!--***************************-->
    <lom:classification>
        <lom:taxonPath>
            <lom:source uniqueElementName="source">
                <lom:string language="en">CIP</lom:string>
            </lom:source>
            <lom:taxon>
                <lom:id uniqueElementName="id">270502</lom:id>
                <lom:entry uniqueElementName="entry">
                    <lom:string language="en">Mathematical Statistics and Probability</lom:string>
                </lom:entry>
            </lom:taxon>
        </lom:taxonPath>
        <lom:keyword>
            <lom:string language="en">decision theory</lom:string>
        </lom:keyword>
        <lom:keyword>
            <lom:string language="en">testing simple hypothesis</lom:string>
        </lom:keyword>
        <lom:keyword>
            <lom:string language="en">Neyman-Pearson Lemma</lom:string>
        </lom:keyword>
        <lom:keyword>
            <lom:string language="en">Bayes decision theory</lom:string>
        </lom:keyword>
        <lom:keyword>
            <lom:string language="en">sufficiency</lom:string>
        </lom:keyword>
        <lom:keyword>
            <lom:string language="en">estimation</lom:string>
        </lom:keyword>
        <lom:keyword>
            <lom:string language="en">convexity</lom:string>
        </lom:keyword>
        <lom:keyword>
            <lom:string language="en">Lehmann-Scheff'e property</lom:string>
        </lom:keyword>
        <lom:keyword>
            <lom:string language="en">Exponential families</lom:string>
        </lom:keyword>
        <lom:keyword>
            <lom:string language="en">Stein?s phenomenon</lom:string>
        </lom:keyword>
        <lom:keyword>
            <lom:string language="en">James-Stein estimators</lom:string>
        </lom:keyword>
        <lom:keyword>
            <lom:string language="en">M-estimation</lom:string>
        </lom:keyword>
        <lom:keyword>
            <lom:string language="en">Solari?s example</lom:string>
        </lom:keyword>
        <lom:keyword>
            <lom:string language="en">Wilks?s theorem</lom:string>
        </lom:keyword>
        <lom:keyword>
            <lom:string language="en">stochastic processes</lom:string>
        </lom:keyword>
        <lom:keyword>
            <lom:string language="en">probability theory</lom:string>
        </lom:keyword>
        <lom:keyword>
            <lom:string language="en">confidence intervals</lom:string>
        </lom:keyword>
        <lom:keyword>
            <lom:string language="en">large sample theory</lom:string>
        </lom:keyword>
        <lom:keyword>
            <lom:string language="en">sequential analysis</lom:string>
        </lom:keyword>
        <lom:keyword>
            <lom:string language="en">asymptotic efficiency</lom:string>
        </lom:keyword>
    </lom:classification>
</lom:lom>
