<?xml version="1.0" encoding="utf-8" ?>
<manifest xmlns="http://www.imsglobal.org/xsd/imscp_v1p1"
          xmlns:xsi="http://www.w3.org/2001/XMLSchema-instance"
          xmlns:adlcp="http://www.adlnet.org/xsd/adlcp_rootv1p2"
          xmlns:cwsp="http://www.dspace.org/xmlns/cwspace_imscp"
          xmlns:ocw="http://ocw.mit.edu/xmlns/ocw_imscp"
          xmlns:lom="http://ocw.mit.edu/xmlns/LOM"
          identifier="urn_edu.mit.ocw_18-466-mathematical-statistics-spring-2003"
          version="2011-9-4T4:35:49"
          cwsp:packageType="Course"
          xml:base="18-466-spring-2003/"
          xsi:schemaLocation="http://www.imsglobal.org/xsd/imscp_v1p1 http://www.imsglobal.org/xsd/imscp_v1p1.xsd  http://www.adlnet.org/xsd/adlcp_rootv1p2 http://www.adlnet.org/xsd/adlcp_rootv1p2.xsd http://www.dspace.org/xmlns/cwspace_imscp http://www.dspace.org/xsd/cwspace_imscp/version10/cwspace_imscpv10.xsd http://ocw.mit.edu/xmlns/ocw_imscp http://ocw.mit.edu/xsd/ocw_imscp/version10/ocw_imscpv10.xsd http://ocw.mit.edu/xmlns/LOM http://ocw.mit.edu/xsd/LOM/lomv1.0/lomv1.0.xsd">
   	<metadata>
   		<schema>IMS Content</schema>
        <schemaversion>1.1</schemaversion>
        <cwsp:packageMetadata>
            <cwsp:sourceSystem>OCW</cwsp:sourceSystem>
            <cwsp:profile>CWSpace</cwsp:profile>
            <cwsp:profileVersion>0.1</cwsp:profileVersion>
        </cwsp:packageMetadata>
        <lom:general uniqueElementName="general">
            <lom:title uniqueElementName="title">
				<lom:string language="en">Mathematical Statistics</lom:string>
			</lom:title>
			<lom:identifier>
				<lom:catalog uniqueElementName="catalog">OCW Master Course Number</lom:catalog>
		      	<lom:entry uniqueElementName="entry">18.466</lom:entry>
			</lom:identifier>
        </lom:general>
        <lom:lifecycle uniqueElementName="lifeCycle">
            <lom:version uniqueElementName="version">
				<lom:string language="en">Spring 2003</lom:string>
			</lom:version>
            <lom:contribute>
	            <lom:role>
	                <lom:source uniqueElementName="source">OCW_LOMv1.0</lom:source>
	                <lom:value uniqueElementName="value">Author</lom:value>
	            </lom:role>
	            <lom:entity>Dudley, Richard</lom:entity>
	            <lom:date uniqueElementName="date">
	                <lom:dateTime uniqueElementName="dateTime">2011-9-4</lom:dateTime>
	            </lom:date>
        	</lom:contribute>
        </lom:lifecycle>
        <lom:taxonPath>
            <lom:source uniqueElementName="source">
                <lom:string language="en">OCW Course Categories</lom:string>
            </lom:source>
            <lom:taxon>
                <lom:entry uniqueElementName="entry">
                    <lom:string language="en">Mathematics</lom:string>
                </lom:entry>
            </lom:taxon>
            <lom:taxon>
                <lom:entry uniqueElementName="entry">
                    <lom:string language="en">Probability and Statistics</lom:string>
                </lom:entry>
            </lom:taxon>
            
        </lom:taxonPath>
        <lom:taxonPath>
            <lom:source uniqueElementName="source">
                <lom:string language="en">OCW Course Categories</lom:string>
            </lom:source>
            <lom:taxon>
                <lom:entry uniqueElementName="entry">
                    <lom:string language="en">Social Science</lom:string>
                </lom:entry>
            </lom:taxon>
            <lom:taxon>
                <lom:entry uniqueElementName="entry">
                    <lom:string language="en">Game Theory</lom:string>
                </lom:entry>
            </lom:taxon>
            
        </lom:taxonPath>        
        <adlcp:location>contents/index.htm.xml</adlcp:location>
    </metadata>
    <organizations default="ocw_18-466-mathematical-statistics-spring-2003">
        <organization identifier="ocw_18-466-mathematical-statistics-spring-2003">
            <title>Mathematical Statistics</title>
            <item identifier="i_18-466-mathematical-statistics-spring-2003.CourseHome"
                  identifierref="r_contents.index.htm"
                  ocw:sectionTemplateType="CourseHomePage"
                  ocw:sectionTemplateVersion="2011-9-4">
				<title>Mathematical Statistics</title>
				<item identifier="i_18-466-mathematical-statistics-spring-2003.18-466s03.jpg"
          identifierref="r_contents.18-466s03.jpg">
				<title>18-466s03.jpg</title>
				</item>
				<item identifier="i_18-466-mathematical-statistics-spring-2003.18-466s03-th.jpg"
          identifierref="r_contents.18-466s03-th.jpg">
				<title>18-466s03-th.jpg</title>
				</item>
			</item>
            <item identifier="i_18-466-mathematical-statistics-spring-2003.syllabus"
                  identifierref="r_contents.syllabus.index.htm"
                  ocw:sectionTemplateType="CourseSection"
                  ocw:sectionTemplateVersion="2011-9-4">
				<title>Syllabus</title>
			</item>
            <item identifier="i_18-466-mathematical-statistics-spring-2003.calendar"
                  identifierref="r_contents.calendar.index.htm"
                  ocw:sectionTemplateType="CourseSection"
                  ocw:sectionTemplateVersion="2011-9-4">
				<title>Calendar</title>
			</item>
            <item identifier="i_18-466-mathematical-statistics-spring-2003.lecture-notes"
                  identifierref="r_contents.lecture-notes.index.htm"
                  ocw:sectionTemplateType="CourseSection"
                  ocw:sectionTemplateVersion="2011-9-4">
				<title>Lecture Notes</title>
				<item identifier="i_18-466-mathematical-statistics-spring-2003.lecture-notes.c1s7.pdf"
          identifierref="r_contents.lecture-notes.c1s7.pdf">
				<title>c1s7.pdf</title>
				</item>
				<item identifier="i_18-466-mathematical-statistics-spring-2003.lecture-notes.c3s9.pdf"
          identifierref="r_contents.lecture-notes.c3s9.pdf">
				<title>c3s9.pdf</title>
				</item>
				<item identifier="i_18-466-mathematical-statistics-spring-2003.lecture-notes.c2s5.pdf"
          identifierref="r_contents.lecture-notes.c2s5.pdf">
				<title>c2s5.pdf</title>
				</item>
				<item identifier="i_18-466-mathematical-statistics-spring-2003.lecture-notes.c1s4.pdf"
          identifierref="r_contents.lecture-notes.c1s4.pdf">
				<title>c1s4.pdf</title>
				</item>
				<item identifier="i_18-466-mathematical-statistics-spring-2003.lecture-notes.appd.pdf"
          identifierref="r_contents.lecture-notes.appd.pdf">
				<title>appd.pdf</title>
				</item>
				<item identifier="i_18-466-mathematical-statistics-spring-2003.lecture-notes.c3s1.pdf"
          identifierref="r_contents.lecture-notes.c3s1.pdf">
				<title>c3s1.pdf</title>
				</item>
				<item identifier="i_18-466-mathematical-statistics-spring-2003.lecture-notes.c2s2.pdf"
          identifierref="r_contents.lecture-notes.c2s2.pdf">
				<title>c2s2.pdf</title>
				</item>
				<item identifier="i_18-466-mathematical-statistics-spring-2003.lecture-notes.c3s2.pdf"
          identifierref="r_contents.lecture-notes.c3s2.pdf">
				<title>c3s2.pdf</title>
				</item>
				<item identifier="i_18-466-mathematical-statistics-spring-2003.lecture-notes.c2s3.pdf"
          identifierref="r_contents.lecture-notes.c2s3.pdf">
				<title>c2s3.pdf</title>
				</item>
				<item identifier="i_18-466-mathematical-statistics-spring-2003.lecture-notes.c1s1.pdf"
          identifierref="r_contents.lecture-notes.c1s1.pdf">
				<title>c1s1.pdf</title>
				</item>
				<item identifier="i_18-466-mathematical-statistics-spring-2003.lecture-notes.c2s7.pdf"
          identifierref="r_contents.lecture-notes.c2s7.pdf">
				<title>c2s7.pdf</title>
				</item>
				<item identifier="i_18-466-mathematical-statistics-spring-2003.lecture-notes.c2s8.pdf"
          identifierref="r_contents.lecture-notes.c2s8.pdf">
				<title>c2s8.pdf</title>
				</item>
				<item identifier="i_18-466-mathematical-statistics-spring-2003.lecture-notes.c3s3.pdf"
          identifierref="r_contents.lecture-notes.c3s3.pdf">
				<title>c3s3.pdf</title>
				</item>
				<item identifier="i_18-466-mathematical-statistics-spring-2003.lecture-notes.c1s5.pdf"
          identifierref="r_contents.lecture-notes.c1s5.pdf">
				<title>c1s5.pdf</title>
				</item>
				<item identifier="i_18-466-mathematical-statistics-spring-2003.lecture-notes.appb.pdf"
          identifierref="r_contents.lecture-notes.appb.pdf">
				<title>appb.pdf</title>
				</item>
				<item identifier="i_18-466-mathematical-statistics-spring-2003.lecture-notes.c3s4.pdf"
          identifierref="r_contents.lecture-notes.c3s4.pdf">
				<title>c3s4.pdf</title>
				</item>
				<item identifier="i_18-466-mathematical-statistics-spring-2003.lecture-notes.appc.pdf"
          identifierref="r_contents.lecture-notes.appc.pdf">
				<title>appc.pdf</title>
				</item>
				<item identifier="i_18-466-mathematical-statistics-spring-2003.lecture-notes.appf.pdf"
          identifierref="r_contents.lecture-notes.appf.pdf">
				<title>appf.pdf</title>
				</item>
				<item identifier="i_18-466-mathematical-statistics-spring-2003.lecture-notes.c2s6.pdf"
          identifierref="r_contents.lecture-notes.c2s6.pdf">
				<title>c2s6.pdf</title>
				</item>
				<item identifier="i_18-466-mathematical-statistics-spring-2003.lecture-notes.appe.pdf"
          identifierref="r_contents.lecture-notes.appe.pdf">
				<title>appe.pdf</title>
				</item>
				<item identifier="i_18-466-mathematical-statistics-spring-2003.lecture-notes.c1s6.pdf"
          identifierref="r_contents.lecture-notes.c1s6.pdf">
				<title>c1s6.pdf</title>
				</item>
				<item identifier="i_18-466-mathematical-statistics-spring-2003.lecture-notes.c3s8.pdf"
          identifierref="r_contents.lecture-notes.c3s8.pdf">
				<title>c3s8.pdf</title>
				</item>
				<item identifier="i_18-466-mathematical-statistics-spring-2003.lecture-notes.appa.pdf"
          identifierref="r_contents.lecture-notes.appa.pdf">
				<title>appa.pdf</title>
				</item>
				<item identifier="i_18-466-mathematical-statistics-spring-2003.lecture-notes.c3s44.pdf"
          identifierref="r_contents.lecture-notes.c3s44.pdf">
				<title>c3s44.pdf</title>
				</item>
				<item identifier="i_18-466-mathematical-statistics-spring-2003.lecture-notes.c4s1.pdf"
          identifierref="r_contents.lecture-notes.c4s1.pdf">
				<title>c4s1.pdf</title>
				</item>
				<item identifier="i_18-466-mathematical-statistics-spring-2003.lecture-notes.c1s2.pdf"
          identifierref="r_contents.lecture-notes.c1s2.pdf">
				<title>c1s2.pdf</title>
				</item>
				<item identifier="i_18-466-mathematical-statistics-spring-2003.lecture-notes.c3s7.pdf"
          identifierref="r_contents.lecture-notes.c3s7.pdf">
				<title>c3s7.pdf</title>
				</item>
				<item identifier="i_18-466-mathematical-statistics-spring-2003.lecture-notes.c3s5.pdf"
          identifierref="r_contents.lecture-notes.c3s5.pdf">
				<title>c3s5.pdf</title>
				</item>
				<item identifier="i_18-466-mathematical-statistics-spring-2003.lecture-notes.c2s4.pdf"
          identifierref="r_contents.lecture-notes.c2s4.pdf">
				<title>c2s4.pdf</title>
				</item>
				<item identifier="i_18-466-mathematical-statistics-spring-2003.lecture-notes.c1s3.pdf"
          identifierref="r_contents.lecture-notes.c1s3.pdf">
				<title>c1s3.pdf</title>
				</item>
				<item identifier="i_18-466-mathematical-statistics-spring-2003.lecture-notes.c2s1.pdf"
          identifierref="r_contents.lecture-notes.c2s1.pdf">
				<title>c2s1.pdf</title>
				</item>
				<item identifier="i_18-466-mathematical-statistics-spring-2003.lecture-notes.c3s6.pdf"
          identifierref="r_contents.lecture-notes.c3s6.pdf">
				<title>c3s6.pdf</title>
				</item>
			</item>
            <item identifier="i_18-466-mathematical-statistics-spring-2003.assignments"
                  identifierref="r_contents.assignments.index.htm"
                  ocw:sectionTemplateType="CourseSection"
                  ocw:sectionTemplateVersion="2011-9-4">
				<title>Assignments</title>
				<item identifier="i_18-466-mathematical-statistics-spring-2003.assignments.ps10.pdf"
          identifierref="r_contents.assignments.ps10.pdf">
				<title>ps10.pdf</title>
				</item>
				<item identifier="i_18-466-mathematical-statistics-spring-2003.assignments.ps6.pdf"
          identifierref="r_contents.assignments.ps6.pdf">
				<title>ps6.pdf</title>
				</item>
				<item identifier="i_18-466-mathematical-statistics-spring-2003.assignments.ps3hint.pdf"
          identifierref="r_contents.assignments.ps3hint.pdf">
				<title>ps3hint.pdf</title>
				</item>
				<item identifier="i_18-466-mathematical-statistics-spring-2003.assignments.ps4hints.pdf"
          identifierref="r_contents.assignments.ps4hints.pdf">
				<title>ps4hints.pdf</title>
				</item>
				<item identifier="i_18-466-mathematical-statistics-spring-2003.assignments.ps2.pdf"
          identifierref="r_contents.assignments.ps2.pdf">
				<title>ps2.pdf</title>
				</item>
				<item identifier="i_18-466-mathematical-statistics-spring-2003.assignments.ps8.pdf"
          identifierref="r_contents.assignments.ps8.pdf">
				<title>ps8.pdf</title>
				</item>
				<item identifier="i_18-466-mathematical-statistics-spring-2003.assignments.ps5.pdf"
          identifierref="r_contents.assignments.ps5.pdf">
				<title>ps5.pdf</title>
				</item>
				<item identifier="i_18-466-mathematical-statistics-spring-2003.assignments.ps1.pdf"
          identifierref="r_contents.assignments.ps1.pdf">
				<title>ps1.pdf</title>
				</item>
				<item identifier="i_18-466-mathematical-statistics-spring-2003.assignments.ps2hints.pdf"
          identifierref="r_contents.assignments.ps2hints.pdf">
				<title>ps2hints.pdf</title>
				</item>
				<item identifier="i_18-466-mathematical-statistics-spring-2003.assignments.ps6hints.pdf"
          identifierref="r_contents.assignments.ps6hints.pdf">
				<title>ps6hints.pdf</title>
				</item>
				<item identifier="i_18-466-mathematical-statistics-spring-2003.assignments.ps3.pdf"
          identifierref="r_contents.assignments.ps3.pdf">
				<title>ps3.pdf</title>
				</item>
				<item identifier="i_18-466-mathematical-statistics-spring-2003.assignments.18_466_hints_ps5.pdf"
          identifierref="r_contents.assignments.18_466_hints_ps5.pdf">
				<title>18_466_hints_ps5.pdf</title>
				</item>
				<item identifier="i_18-466-mathematical-statistics-spring-2003.assignments.ps7.pdf"
          identifierref="r_contents.assignments.ps7.pdf">
				<title>ps7.pdf</title>
				</item>
				<item identifier="i_18-466-mathematical-statistics-spring-2003.assignments.ps9.pdf"
          identifierref="r_contents.assignments.ps9.pdf">
				<title>ps9.pdf</title>
				</item>
				<item identifier="i_18-466-mathematical-statistics-spring-2003.assignments.ps7hints.pdf"
          identifierref="r_contents.assignments.ps7hints.pdf">
				<title>ps7hints.pdf</title>
				</item>
				<item identifier="i_18-466-mathematical-statistics-spring-2003.assignments.ps4.pdf"
          identifierref="r_contents.assignments.ps4.pdf">
				<title>ps4.pdf</title>
				</item>
			</item>
            <item identifier="i_18-466-mathematical-statistics-spring-2003.exams"
                  identifierref="r_contents.exams.index.htm"
                  ocw:sectionTemplateType="CourseSection"
                  ocw:sectionTemplateVersion="2011-9-4">
				<title>Exams</title>
				<item identifier="i_18-466-mathematical-statistics-spring-2003.exams.finalreview.pdf"
          identifierref="r_contents.exams.finalreview.pdf">
				<title>finalreview.pdf</title>
				</item>
				<item identifier="i_18-466-mathematical-statistics-spring-2003.exams.18_466_midterm_review.pdf"
          identifierref="r_contents.exams.18_466_midterm_review.pdf">
				<title>18_466_midterm_review.pdf</title>
				</item>
				<item identifier="i_18-466-mathematical-statistics-spring-2003.exams.midtermexam.pdf"
          identifierref="r_contents.exams.midtermexam.pdf">
				<title>midtermexam.pdf</title>
				</item>
				<item identifier="i_18-466-mathematical-statistics-spring-2003.exams.finalexam.pdf"
          identifierref="r_contents.exams.finalexam.pdf">
				<title>finalexam.pdf</title>
				</item>
			</item>
            <item identifier="i_18-466-mathematical-statistics-spring-2003.projects"
                  identifierref="r_contents.projects.index.htm"
                  ocw:sectionTemplateType="CourseSection"
                  ocw:sectionTemplateVersion="2011-9-4">
				<title>Projects</title>
			</item>
            <item identifier="i_terms"
                  identifierref="r_common.terms.index.htm"
                  ocw:sectionTemplateType="GlobalSection"
                  ocw:sectionTemplateVersion="2011-9-4">
				<title>Legal Notices</title>
			</item>
            <item identifier="i_terms"
                  identifierref="r_common.terms.index.htm"
                  ocw:sectionTemplateType="GlobalSection"
                  ocw:sectionTemplateVersion="2011-9-4">
				<title>Privacy Statement</title>
			</item>
            <item identifier="i_terms.trademarks"
                  identifierref="r_common.terms.trademarks.index.htm"
                  ocw:sectionTemplateType="GlobalSection"
                  ocw:sectionTemplateVersion="2011-9-4">
				<title>Trademark Notices</title>
			</item>
        </organization>
    </organizations>
    <resources>
        <resource identifier="r_contents.lecture-notes.c3s9.pdf"
                  type="other"
                  href="contents/lecture-notes/c3s9.pdf">
            <metadata>
                <adlcp:location>contents/lecture-notes/c3s9.pdf.xml</adlcp:location>
            </metadata>
            <file href="contents/lecture-notes/c3s9.pdf"/>
                        
        </resource>
        <resource identifier="r_contents.lecture-notes.c1s1.pdf"
                  type="other"
                  href="contents/lecture-notes/c1s1.pdf">
            <metadata>
                <adlcp:location>contents/lecture-notes/c1s1.pdf.xml</adlcp:location>
            </metadata>
            <file href="contents/lecture-notes/c1s1.pdf"/>
                        
        </resource>
        <resource identifier="r_contents.assignments.ps7hints.pdf"
                  type="other"
                  href="contents/assignments/ps7hints.pdf">
            <metadata>
                <adlcp:location>contents/assignments/ps7hints.pdf.xml</adlcp:location>
            </metadata>
            <file href="contents/assignments/ps7hints.pdf"/>
                        
        </resource>
        <resource identifier="r_contents.calendar.index.htm"
                  type="webcontent"
                  href="contents/calendar/index.htm">
            <metadata>
                <adlcp:location>contents/calendar/index.htm.xml</adlcp:location>
            </metadata>
            <file href="contents/calendar/index.htm"/>
            <dependency identifierref="webrenderrequirements.18-466-mathematical-statistics-spring-2003"/>            
        </resource>
        <resource identifier="r_contents.assignments.ps7.pdf"
                  type="other"
                  href="contents/assignments/ps7.pdf">
            <metadata>
                <adlcp:location>contents/assignments/ps7.pdf.xml</adlcp:location>
            </metadata>
            <file href="contents/assignments/ps7.pdf"/>
                        
        </resource>
        <resource identifier="r_contents.lecture-notes.c1s7.pdf"
                  type="other"
                  href="contents/lecture-notes/c1s7.pdf">
            <metadata>
                <adlcp:location>contents/lecture-notes/c1s7.pdf.xml</adlcp:location>
            </metadata>
            <file href="contents/lecture-notes/c1s7.pdf"/>
                        
        </resource>
        <resource identifier="r_contents.assignments.ps3hint.pdf"
                  type="other"
                  href="contents/assignments/ps3hint.pdf">
            <metadata>
                <adlcp:location>contents/assignments/ps3hint.pdf.xml</adlcp:location>
            </metadata>
            <file href="contents/assignments/ps3hint.pdf"/>
                        
        </resource>
        <resource identifier="r_contents.lecture-notes.c3s4.pdf"
                  type="other"
                  href="contents/lecture-notes/c3s4.pdf">
            <metadata>
                <adlcp:location>contents/lecture-notes/c3s4.pdf.xml</adlcp:location>
            </metadata>
            <file href="contents/lecture-notes/c3s4.pdf"/>
                        
        </resource>
        <resource identifier="r_contents.18-466s03.jpg"
                  type="other" href="contents/18-466s03.jpg">
            <metadata>
                <adlcp:location>contents/18-466s03.jpg.xml</adlcp:location>
            </metadata>
            <file href="contents/18-466s03.jpg"/>
                        
        </resource>
        <resource identifier="r_contents.assignments.index.htm"
                  type="webcontent"
                  href="contents/assignments/index.htm">
            <metadata>
                <adlcp:location>contents/assignments/index.htm.xml</adlcp:location>
            </metadata>
            <file href="contents/assignments/index.htm"/>
            <dependency identifierref="webrenderrequirements.18-466-mathematical-statistics-spring-2003"/>            
        </resource>
        <resource identifier="r_contents.lecture-notes.appb.pdf"
                  type="other"
                  href="contents/lecture-notes/appb.pdf">
            <metadata>
                <adlcp:location>contents/lecture-notes/appb.pdf.xml</adlcp:location>
            </metadata>
            <file href="contents/lecture-notes/appb.pdf"/>
                        
        </resource>
        <resource identifier="r_contents.lecture-notes.c3s7.pdf"
                  type="other"
                  href="contents/lecture-notes/c3s7.pdf">
            <metadata>
                <adlcp:location>contents/lecture-notes/c3s7.pdf.xml</adlcp:location>
            </metadata>
            <file href="contents/lecture-notes/c3s7.pdf"/>
                        
        </resource>
        <resource identifier="r_contents.assignments.ps10.pdf"
                  type="other"
                  href="contents/assignments/ps10.pdf">
            <metadata>
                <adlcp:location>contents/assignments/ps10.pdf.xml</adlcp:location>
            </metadata>
            <file href="contents/assignments/ps10.pdf"/>
                        
        </resource>
        <resource identifier="r_contents.assignments.ps9.pdf"
                  type="other"
                  href="contents/assignments/ps9.pdf">
            <metadata>
                <adlcp:location>contents/assignments/ps9.pdf.xml</adlcp:location>
            </metadata>
            <file href="contents/assignments/ps9.pdf"/>
                        
        </resource>
        <resource identifier="r_contents.projects.index.htm"
                  type="webcontent"
                  href="contents/projects/index.htm">
            <metadata>
                <adlcp:location>contents/projects/index.htm.xml</adlcp:location>
            </metadata>
            <file href="contents/projects/index.htm"/>
            <dependency identifierref="webrenderrequirements.18-466-mathematical-statistics-spring-2003"/>            
        </resource>
        <resource identifier="r_contents.lecture-notes.appe.pdf"
                  type="other"
                  href="contents/lecture-notes/appe.pdf">
            <metadata>
                <adlcp:location>contents/lecture-notes/appe.pdf.xml</adlcp:location>
            </metadata>
            <file href="contents/lecture-notes/appe.pdf"/>
                        
        </resource>
        <resource identifier="r_contents.lecture-notes.c1s5.pdf"
                  type="other"
                  href="contents/lecture-notes/c1s5.pdf">
            <metadata>
                <adlcp:location>contents/lecture-notes/c1s5.pdf.xml</adlcp:location>
            </metadata>
            <file href="contents/lecture-notes/c1s5.pdf"/>
                        
        </resource>
        <resource identifier="r_contents.lecture-notes.c2s8.pdf"
                  type="other"
                  href="contents/lecture-notes/c2s8.pdf">
            <metadata>
                <adlcp:location>contents/lecture-notes/c2s8.pdf.xml</adlcp:location>
            </metadata>
            <file href="contents/lecture-notes/c2s8.pdf"/>
                        
        </resource>
        <resource identifier="r_contents.lecture-notes.c3s5.pdf"
                  type="other"
                  href="contents/lecture-notes/c3s5.pdf">
            <metadata>
                <adlcp:location>contents/lecture-notes/c3s5.pdf.xml</adlcp:location>
            </metadata>
            <file href="contents/lecture-notes/c3s5.pdf"/>
                        
        </resource>
        <resource identifier="r_contents.lecture-notes.c4s1.pdf"
                  type="other"
                  href="contents/lecture-notes/c4s1.pdf">
            <metadata>
                <adlcp:location>contents/lecture-notes/c4s1.pdf.xml</adlcp:location>
            </metadata>
            <file href="contents/lecture-notes/c4s1.pdf"/>
                        
        </resource>
        <resource identifier="r_contents.exams.finalexam.pdf"
                  type="other"
                  href="contents/exams/finalexam.pdf">
            <metadata>
                <adlcp:location>contents/exams/finalexam.pdf.xml</adlcp:location>
            </metadata>
            <file href="contents/exams/finalexam.pdf"/>
                        
        </resource>
        <resource identifier="r_contents.assignments.ps3.pdf"
                  type="other"
                  href="contents/assignments/ps3.pdf">
            <metadata>
                <adlcp:location>contents/assignments/ps3.pdf.xml</adlcp:location>
            </metadata>
            <file href="contents/assignments/ps3.pdf"/>
                        
        </resource>
        <resource identifier="r_contents.lecture-notes.c3s3.pdf"
                  type="other"
                  href="contents/lecture-notes/c3s3.pdf">
            <metadata>
                <adlcp:location>contents/lecture-notes/c3s3.pdf.xml</adlcp:location>
            </metadata>
            <file href="contents/lecture-notes/c3s3.pdf"/>
                        
        </resource>
        <resource identifier="r_contents.assignments.ps6.pdf"
                  type="other"
                  href="contents/assignments/ps6.pdf">
            <metadata>
                <adlcp:location>contents/assignments/ps6.pdf.xml</adlcp:location>
            </metadata>
            <file href="contents/assignments/ps6.pdf"/>
                        
        </resource>
        <resource identifier="r_contents.lecture-notes.index.htm"
                  type="webcontent"
                  href="contents/lecture-notes/index.htm">
            <metadata>
                <adlcp:location>contents/lecture-notes/index.htm.xml</adlcp:location>
            </metadata>
            <file href="contents/lecture-notes/index.htm"/>
            <dependency identifierref="webrenderrequirements.18-466-mathematical-statistics-spring-2003"/>            
        </resource>
        <resource identifier="r_contents.lecture-notes.appc.pdf"
                  type="other"
                  href="contents/lecture-notes/appc.pdf">
            <metadata>
                <adlcp:location>contents/lecture-notes/appc.pdf.xml</adlcp:location>
            </metadata>
            <file href="contents/lecture-notes/appc.pdf"/>
                        
        </resource>
        <resource identifier="r_contents.exams.midtermexam.pdf"
                  type="other"
                  href="contents/exams/midtermexam.pdf">
            <metadata>
                <adlcp:location>contents/exams/midtermexam.pdf.xml</adlcp:location>
            </metadata>
            <file href="contents/exams/midtermexam.pdf"/>
                        
        </resource>
        <resource identifier="r_contents.lecture-notes.c2s4.pdf"
                  type="other"
                  href="contents/lecture-notes/c2s4.pdf">
            <metadata>
                <adlcp:location>contents/lecture-notes/c2s4.pdf.xml</adlcp:location>
            </metadata>
            <file href="contents/lecture-notes/c2s4.pdf"/>
                        
        </resource>
        <resource identifier="r_contents.lecture-notes.c2s7.pdf"
                  type="other"
                  href="contents/lecture-notes/c2s7.pdf">
            <metadata>
                <adlcp:location>contents/lecture-notes/c2s7.pdf.xml</adlcp:location>
            </metadata>
            <file href="contents/lecture-notes/c2s7.pdf"/>
                        
        </resource>
        <resource identifier="r_contents.lecture-notes.c3s8.pdf"
                  type="other"
                  href="contents/lecture-notes/c3s8.pdf">
            <metadata>
                <adlcp:location>contents/lecture-notes/c3s8.pdf.xml</adlcp:location>
            </metadata>
            <file href="contents/lecture-notes/c3s8.pdf"/>
                        
        </resource>
        <resource identifier="r_contents.exams.18_466_midterm_review.pdf"
                  type="other"
                  href="contents/exams/18_466_midterm_review.pdf">
            <metadata>
                <adlcp:location>contents/exams/18_466_midterm_review.pdf.xml</adlcp:location>
            </metadata>
            <file href="contents/exams/18_466_midterm_review.pdf"/>
                        
        </resource>
        <resource identifier="r_contents.index.htm"
                  type="webcontent"
                  href="contents/index.htm">
            <metadata>
                <adlcp:location>contents/index.htm.xml</adlcp:location>
            </metadata>
            <file href="contents/index.htm"/>
            <dependency identifierref="webrenderrequirements.18-466-mathematical-statistics-spring-2003"/>            
        </resource>
        <resource identifier="r_contents.syllabus.index.htm"
                  type="webcontent"
                  href="contents/syllabus/index.htm">
            <metadata>
                <adlcp:location>contents/syllabus/index.htm.xml</adlcp:location>
            </metadata>
            <file href="contents/syllabus/index.htm"/>
            <dependency identifierref="webrenderrequirements.18-466-mathematical-statistics-spring-2003"/>            
        </resource>
        <resource identifier="r_contents.assignments.ps4.pdf"
                  type="other"
                  href="contents/assignments/ps4.pdf">
            <metadata>
                <adlcp:location>contents/assignments/ps4.pdf.xml</adlcp:location>
            </metadata>
            <file href="contents/assignments/ps4.pdf"/>
                        
        </resource>
        <resource identifier="r_contents.assignments.ps6hints.pdf"
                  type="other"
                  href="contents/assignments/ps6hints.pdf">
            <metadata>
                <adlcp:location>contents/assignments/ps6hints.pdf.xml</adlcp:location>
            </metadata>
            <file href="contents/assignments/ps6hints.pdf"/>
                        
        </resource>
        <resource identifier="r_contents.lecture-notes.c2s3.pdf"
                  type="other"
                  href="contents/lecture-notes/c2s3.pdf">
            <metadata>
                <adlcp:location>contents/lecture-notes/c2s3.pdf.xml</adlcp:location>
            </metadata>
            <file href="contents/lecture-notes/c2s3.pdf"/>
                        
        </resource>
        <resource identifier="r_contents.lecture-notes.c1s3.pdf"
                  type="other"
                  href="contents/lecture-notes/c1s3.pdf">
            <metadata>
                <adlcp:location>contents/lecture-notes/c1s3.pdf.xml</adlcp:location>
            </metadata>
            <file href="contents/lecture-notes/c1s3.pdf"/>
                        
        </resource>
        <resource identifier="r_contents.lecture-notes.appa.pdf"
                  type="other"
                  href="contents/lecture-notes/appa.pdf">
            <metadata>
                <adlcp:location>contents/lecture-notes/appa.pdf.xml</adlcp:location>
            </metadata>
            <file href="contents/lecture-notes/appa.pdf"/>
                        
        </resource>
        <resource identifier="r_contents.18-466s03-th.jpg"
                  type="other"
                  href="contents/18-466s03-th.jpg">
            <metadata>
                <adlcp:location>contents/18-466s03-th.jpg.xml</adlcp:location>
            </metadata>
            <file href="contents/18-466s03-th.jpg"/>
                        
        </resource>
        <resource identifier="r_contents.lecture-notes.c2s6.pdf"
                  type="other"
                  href="contents/lecture-notes/c2s6.pdf">
            <metadata>
                <adlcp:location>contents/lecture-notes/c2s6.pdf.xml</adlcp:location>
            </metadata>
            <file href="contents/lecture-notes/c2s6.pdf"/>
                        
        </resource>
        <resource identifier="r_contents.assignments.ps4hints.pdf"
                  type="other"
                  href="contents/assignments/ps4hints.pdf">
            <metadata>
                <adlcp:location>contents/assignments/ps4hints.pdf.xml</adlcp:location>
            </metadata>
            <file href="contents/assignments/ps4hints.pdf"/>
                        
        </resource>
        <resource identifier="r_contents.exams.index.htm"
                  type="webcontent"
                  href="contents/exams/index.htm">
            <metadata>
                <adlcp:location>contents/exams/index.htm.xml</adlcp:location>
            </metadata>
            <file href="contents/exams/index.htm"/>
            <dependency identifierref="webrenderrequirements.18-466-mathematical-statistics-spring-2003"/>            
        </resource>
        <resource identifier="r_contents.lecture-notes.c2s2.pdf"
                  type="other"
                  href="contents/lecture-notes/c2s2.pdf">
            <metadata>
                <adlcp:location>contents/lecture-notes/c2s2.pdf.xml</adlcp:location>
            </metadata>
            <file href="contents/lecture-notes/c2s2.pdf"/>
                        
        </resource>
        <resource identifier="r_contents.lecture-notes.c3s44.pdf"
                  type="other"
                  href="contents/lecture-notes/c3s44.pdf">
            <metadata>
                <adlcp:location>contents/lecture-notes/c3s44.pdf.xml</adlcp:location>
            </metadata>
            <file href="contents/lecture-notes/c3s44.pdf"/>
                        
        </resource>
        <resource identifier="r_contents.exams.finalreview.pdf"
                  type="other"
                  href="contents/exams/finalreview.pdf">
            <metadata>
                <adlcp:location>contents/exams/finalreview.pdf.xml</adlcp:location>
            </metadata>
            <file href="contents/exams/finalreview.pdf"/>
                        
        </resource>
        <resource identifier="r_contents.lecture-notes.c2s1.pdf"
                  type="other"
                  href="contents/lecture-notes/c2s1.pdf">
            <metadata>
                <adlcp:location>contents/lecture-notes/c2s1.pdf.xml</adlcp:location>
            </metadata>
            <file href="contents/lecture-notes/c2s1.pdf"/>
                        
        </resource>
        <resource identifier="r_contents.lecture-notes.c3s1.pdf"
                  type="other"
                  href="contents/lecture-notes/c3s1.pdf">
            <metadata>
                <adlcp:location>contents/lecture-notes/c3s1.pdf.xml</adlcp:location>
            </metadata>
            <file href="contents/lecture-notes/c3s1.pdf"/>
                        
        </resource>
        <resource identifier="r_contents.lecture-notes.c3s2.pdf"
                  type="other"
                  href="contents/lecture-notes/c3s2.pdf">
            <metadata>
                <adlcp:location>contents/lecture-notes/c3s2.pdf.xml</adlcp:location>
            </metadata>
            <file href="contents/lecture-notes/c3s2.pdf"/>
                        
        </resource>
        <resource identifier="r_contents.assignments.ps2hints.pdf"
                  type="other"
                  href="contents/assignments/ps2hints.pdf">
            <metadata>
                <adlcp:location>contents/assignments/ps2hints.pdf.xml</adlcp:location>
            </metadata>
            <file href="contents/assignments/ps2hints.pdf"/>
                        
        </resource>
        <resource identifier="r_contents.lecture-notes.appd.pdf"
                  type="other"
                  href="contents/lecture-notes/appd.pdf">
            <metadata>
                <adlcp:location>contents/lecture-notes/appd.pdf.xml</adlcp:location>
            </metadata>
            <file href="contents/lecture-notes/appd.pdf"/>
                        
        </resource>
        <resource identifier="r_contents.assignments.ps2.pdf"
                  type="other"
                  href="contents/assignments/ps2.pdf">
            <metadata>
                <adlcp:location>contents/assignments/ps2.pdf.xml</adlcp:location>
            </metadata>
            <file href="contents/assignments/ps2.pdf"/>
                        
        </resource>
        <resource identifier="r_contents.lecture-notes.appf.pdf"
                  type="other"
                  href="contents/lecture-notes/appf.pdf">
            <metadata>
                <adlcp:location>contents/lecture-notes/appf.pdf.xml</adlcp:location>
            </metadata>
            <file href="contents/lecture-notes/appf.pdf"/>
                        
        </resource>
        <resource identifier="r_contents.lecture-notes.c1s4.pdf"
                  type="other"
                  href="contents/lecture-notes/c1s4.pdf">
            <metadata>
                <adlcp:location>contents/lecture-notes/c1s4.pdf.xml</adlcp:location>
            </metadata>
            <file href="contents/lecture-notes/c1s4.pdf"/>
                        
        </resource>
        <resource identifier="r_contents.lecture-notes.c1s6.pdf"
                  type="other"
                  href="contents/lecture-notes/c1s6.pdf">
            <metadata>
                <adlcp:location>contents/lecture-notes/c1s6.pdf.xml</adlcp:location>
            </metadata>
            <file href="contents/lecture-notes/c1s6.pdf"/>
                        
        </resource>
        <resource identifier="r_contents.lecture-notes.c3s6.pdf"
                  type="other"
                  href="contents/lecture-notes/c3s6.pdf">
            <metadata>
                <adlcp:location>contents/lecture-notes/c3s6.pdf.xml</adlcp:location>
            </metadata>
            <file href="contents/lecture-notes/c3s6.pdf"/>
                        
        </resource>
        <resource identifier="r_contents.assignments.18_466_hints_ps5.pdf"
                  type="other"
                  href="contents/assignments/18_466_hints_ps5.pdf">
            <metadata>
                <adlcp:location>contents/assignments/18_466_hints_ps5.pdf.xml</adlcp:location>
            </metadata>
            <file href="contents/assignments/18_466_hints_ps5.pdf"/>
                        
        </resource>
        <resource identifier="r_contents.lecture-notes.c2s5.pdf"
                  type="other"
                  href="contents/lecture-notes/c2s5.pdf">
            <metadata>
                <adlcp:location>contents/lecture-notes/c2s5.pdf.xml</adlcp:location>
            </metadata>
            <file href="contents/lecture-notes/c2s5.pdf"/>
                        
        </resource>
        <resource identifier="r_contents.assignments.ps5.pdf"
                  type="other"
                  href="contents/assignments/ps5.pdf">
            <metadata>
                <adlcp:location>contents/assignments/ps5.pdf.xml</adlcp:location>
            </metadata>
            <file href="contents/assignments/ps5.pdf"/>
                        
        </resource>
        <resource identifier="r_contents.lecture-notes.c1s2.pdf"
                  type="other"
                  href="contents/lecture-notes/c1s2.pdf">
            <metadata>
                <adlcp:location>contents/lecture-notes/c1s2.pdf.xml</adlcp:location>
            </metadata>
            <file href="contents/lecture-notes/c1s2.pdf"/>
                        
        </resource>
        <resource identifier="r_contents.assignments.ps8.pdf"
                  type="other"
                  href="contents/assignments/ps8.pdf">
            <metadata>
                <adlcp:location>contents/assignments/ps8.pdf.xml</adlcp:location>
            </metadata>
            <file href="contents/assignments/ps8.pdf"/>
                        
        </resource>
        <resource identifier="r_contents.assignments.ps1.pdf"
                  type="other"
                  href="contents/assignments/ps1.pdf">
            <metadata>
                <adlcp:location>contents/assignments/ps1.pdf.xml</adlcp:location>
            </metadata>
            <file href="contents/assignments/ps1.pdf"/>
                        
        </resource>        
        <resource identifier="r_common.search.AdvancedSearch.htm"
                  type="webcontent"
                  href="common/search/AdvancedSearch.htm">
            <file href="common/search/AdvancedSearch.htm"/>
            <dependency identifierref="webrenderrequirements.18-466-mathematical-statistics-spring-2003"/>            
        </resource>
        <resource identifier="r_common.jsp.feedback.htm"
                  type="webcontent"
                  href="common/jsp/feedback.htm">
            <file href="common/jsp/feedback.htm"/>
            <dependency identifierref="webrenderrequirements.18-466-mathematical-statistics-spring-2003"/>            
        </resource>
        <resource identifier="r_common.terms.index.htm"
                  type="webcontent"
                  href="common/terms/index.htm">
            <file href="common/terms/share.png"/>
            <file href="common/terms/remix.png"/>
            <file href="common/terms/by.png"/>
            <file href="common/terms/nc.png"/>
            <file href="common/terms/sa.png"/>
            <file href="common/terms/deedheadyellow.png"/>
            <file href="common/terms/freedomsheader.png"/>
            <file href="common/terms/limitationsheader.png"/>
            <file href="common/terms/deedfootyellow.png"/>
            <dependency identifierref="webrenderrequirements.18-466-mathematical-statistics-spring-2003"/>            
        </resource>
        <resource identifier="r_common.terms.trademarks.index.htm"
                  type="webcontent"
                  href="common/terms/trademarks/index.htm">
            <file href="common/terms/trademarks/index.htm"/>
            <dependency identifierref="webrenderrequirements.18-466-mathematical-statistics-spring-2003"/>            
        </resource>
        <resource identifier="webrenderrequirements.18-466-mathematical-statistics-spring-2003"
                  type="webcontent">
        	<file href="common/styles/common.css"/>
        	<file href="common/styles/courses.css"/>
        	<file href="common/styles/global.css"/>
        	<file href="common/styles/highslide.css"/>
        	<file href="common/styles/highslide-ie6.css"/>
        	<file href="common/styles/scholar.css"/>
        	<file href="common/scripts/highslide-with-gallery.js"/>
        	<file href="common/scripts/jQuizMe-uncompressed.js"/>
        	<file href="common/images/logo-ocw-home_new.gif"/>
        	<file href="common/images/newsletter.png"/>
        	<file href="common/images/twitter.png"/>
        	<file href="common/images/facebook.png"/>
        	<file href="common/images/donate_now.gif"/>
        	<file href="common/images/trans.gif"/>
        	<file href="common/images/footer_rss_new.gif"/>
        	<file href="common/images/cc_logo_new.gif"/>
        	<file href="common/images/ocw-logo_new.gif"/>
        	<file href="common/images/go_new.gif"/>
        	<file href="common/images/a_logo_17.gif"/>
        	<file href="common/images/horizontal_dots.gif"/>
        	<file href="common/images/black-arrow.gif"/>
        	<file href="common/images/rss-small.gif"/>
        	<file href="common/images/bullet1.gif"/>
        	<file href="common/images/body_bg.gif"/>
        	<file href="common/images/red-arrow.gif"/>
        	<file href="common/images/bg.gif"/>
        	<file href="common/images/home-top-img.jpg"/>
        	<file href="common/images/global-nav-pipe.gif"/>
        	<file href="common/images/black-email-ico.gif"/>
        	<file href="common/images/mit-logo_new.gif"/>
        	<file href="common/images/highslide/graphics/zoomin.cur"/>
        	<file href="common/images/highslide/graphics/zoomout.cur"/>
        	<file href="common/images/highslide/graphics/controlbar2.gif"/>
        	<file href="common/images/highslide/graphics/controlbar3.gif"/>
        	<file href="common/images/highslide/graphics/controlbar4.gif"/>
        	<file href="common/images/highslide/graphics/controlbar4-hover.gif"/>
        	<file href="common/images/highslide/graphics/controlbar-black-border.gif"/>
        	<file href="common/images/highslide/graphics/controlbar-white.gif"/>
        	<file href="common/images/highslide/graphics/controlbar-white-small.gif"/>
        	<file href="common/images/highslide/graphics/fullexpand.gif"/>
        	<file href="common/images/highslide/graphics/icon.gif"/>
        	<file href="common/images/highslide/graphics/loader.gif"/>
        	<file href="common/images/highslide/graphics/loader.white.gif"/>
        	<file href="common/images/highslide/graphics/resize.gif"/>
        	<file href="common/images/highslide/graphics/close.png"/>
        	<file href="common/images/highslide/graphics/closeX.png"/>
        	<file href="common/images/highslide/graphics/controlbar-text-buttons.png"/>
        	<file href="common/images/highslide/graphics/geckodimmer.png"/>
        	<file href="common/images/highslide/graphics/scrollarrows.png"/>
        	<file href="common/images/highslide/graphics/outlines/beveled.png"/>
        	<file href="common/images/highslide/graphics/outlines/drop-shadow.png"/>
        	<file href="common/images/highslide/graphics/outlines/glossy-dark.png"/>
        	<file href="common/images/highslide/graphics/outlines/outer-glow.png"/>
        	<file href="common/images/highslide/graphics/outlines/rounded-black.png"/>
        	<file href="common/images/highslide/graphics/outlines/rounded-white.png"/>
        	<file href="common/images/highslide/graphics/outlines/Outlines.psd"/>
        	<file href="common/images/button_continue.jpg"/>
        	<file href="common/images/button_donate.jpg"/>
        	<file href="common/images/button_start.jpg"/>
        	<file href="common/images/scholar_bar.jpg"/>
        	<file href="common/images/logo_pdf.jpg"/>
        	<file href="common/images/h2_trigger_open_close.gif"/>
        	<file href="common/images/bookmark.gif"/>
        	<file href="common/images/check.png"/>
        	<file href="common/images/lightbulb.png"/>
        	<file href="common/images/audio_file.gif"/>
        	<file href="common/images/audio_only_slate.gif"/>
        	<file href="common/images/video_file.gif"/>
        	<file href="common/images/back-5.png"/>
        	<file href="common/images/btn_next_resource.png"/>
        	<file href="common/images/btn_previous_resource.png"/>
        	<file href="common/scripts/jquery-ui.min.js"/>
        	<file href="common/scripts/common-utils-offline.js"/>
        	<file href="common/styles/jquery-ui.css"/>
        	<file href="common/images/close.png"/>
        	<file href="common/styles/jquery.bubblepopup.css"/>
        	<file href="common/scripts/jquery.bubblepopup.min.js"/>
        	<file href="common/scripts/bubble-popup-offline.js"/>
        	<file href="common/images/inacessible.gif"/>
        	<file href="common/images/jquerybubblepopup-theme/grey/ie/bottom-left.gif"/>
        	<file href="common/images/jquerybubblepopup-theme/grey/ie/bottom-middle.gif"/>
        	<file href="common/images/jquerybubblepopup-theme/grey/ie/bottom-right.gif"/>
        	<file href="common/images/jquerybubblepopup-theme/grey/ie/middle-left.gif"/>
        	<file href="common/images/jquerybubblepopup-theme/grey/ie/middle-right.gif"/>
        	<file href="common/images/jquerybubblepopup-theme/grey/ie/tail-bottom.gif"/>
        	<file href="common/images/jquerybubblepopup-theme/grey/ie/tail-left.gif"/>
        	<file href="common/images/jquerybubblepopup-theme/grey/ie/tail-right.gif"/>
        	<file href="common/images/jquerybubblepopup-theme/grey/ie/tail-top.gif"/>
        	<file href="common/images/jquerybubblepopup-theme/grey/ie/top-left.gif"/>
        	<file href="common/images/jquerybubblepopup-theme/grey/ie/top-middle.gif"/>
        	<file href="common/images/jquerybubblepopup-theme/grey/ie/top-right.gif"/>
        	<file href="common/images/jquerybubblepopup-theme/grey/bottom-left.png"/>
        	<file href="common/images/jquerybubblepopup-theme/grey/bottom-middle.png"/>
        	<file href="common/images/jquerybubblepopup-theme/grey/bottom-right.png"/>
        	<file href="common/images/jquerybubblepopup-theme/grey/middle-left.png"/>
        	<file href="common/images/jquerybubblepopup-theme/grey/middle-right.png"/>
        	<file href="common/images/jquerybubblepopup-theme/grey/tail-bottom.png"/>
        	<file href="common/images/jquerybubblepopup-theme/grey/tail-left.png"/>
        	<file href="common/images/jquerybubblepopup-theme/grey/tail-right.png"/>
        	<file href="common/images/jquerybubblepopup-theme/grey/tail-top.png"/>
        	<file href="common/images/jquerybubblepopup-theme/grey/top-left.png"/>
        	<file href="common/images/jquerybubblepopup-theme/grey/top-middle.png"/>
        	<file href="common/images/jquerybubblepopup-theme/grey/top-right.png"/>
        </resource>        
  </resources>
</manifest>
